id,nombre,peso,altura,tipo_1,tipo_2,hp,ataque,defensa,velocidad
1,bulbasaur,69,7,grass,poison,45,49,49,45
2,ivysaur,130,10,grass,poison,60,62,63,60
3,venusaur,1000,20,grass,poison,80,82,83,80
4,charmander,85,6,fire,,39,52,43,65
5,charmeleon,190,11,fire,,58,64,58,80
6,charizard,905,17,fire,flying,78,84,78,100
7,squirtle,90,5,water,,44,48,65,43
8,wartortle,225,10,water,,59,63,80,58
9,blastoise,855,16,water,,79,83,100,78
10,caterpie,29,3,bug,,45,30,35,45
11,metapod,99,7,bug,,50,20,55,30
12,butterfree,320,11,bug,flying,60,45,50,70
13,weedle,32,3,bug,poison,40,35,30,50
14,kakuna,100,6,bug,poison,45,25,50,35
15,beedrill,295,10,bug,poison,65,90,40,75
16,pidgey,18,3,normal,flying,40,45,40,56
17,pidgeotto,300,11,normal,flying,63,60,55,71
18,pidgeot,395,15,normal,flying,83,80,75,101
19,rattata,35,3,normal,,30,56,35,72
20,raticate,185,7,normal,,55,81,60,97
21,spearow,20,3,normal,flying,40,60,30,70
22,fearow,380,12,normal,flying,65,90,65,100
23,ekans,69,20,poison,,35,60,44,55
24,arbok,650,35,poison,,60,95,69,80
25,pikachu,60,4,electric,,35,55,40,90
26,raichu,300,8,electric,,60,90,55,110
27,sandshrew,120,6,ground,,50,75,85,40
28,sandslash,295,10,ground,,75,100,110,65
29,nidoran-f,70,4,poison,,55,47,52,41
30,nidorina,200,8,poison,,70,62,67,56
31,nidoqueen,600,13,poison,ground,90,92,87,76
32,nidoran-m,90,5,poison,,46,57,40,50
33,nidorino,195,9,poison,,61,72,57,65
34,nidoking,620,14,poison,ground,81,102,77,85
35,clefairy,75,6,fairy,,70,45,48,35
36,clefable,400,13,fairy,,95,70,73,60
37,vulpix,99,6,fire,,38,41,40,65
38,ninetales,199,11,fire,,73,76,75,100
39,jigglypuff,55,5,normal,fairy,115,45,20,20
40,wigglytuff,120,10,normal,fairy,140,70,45,45
41,zubat,75,8,poison,flying,40,45,35,55
42,golbat,550,16,poison,flying,75,80,70,90
43,oddish,54,5,grass,poison,45,50,55,30
44,gloom,86,8,grass,poison,60,65,70,40
45,vileplume,186,12,grass,poison,75,80,85,50
46,paras,54,3,bug,grass,35,70,55,25
47,parasect,295,10,bug,grass,60,95,80,30
48,venonat,300,10,bug,poison,60,55,50,45
49,venomoth,125,15,bug,poison,70,65,60,90
50,diglett,8,2,ground,,10,55,25,95
51,dugtrio,333,7,ground,,35,100,50,120
52,meowth,42,4,normal,,40,45,35,90
53,persian,320,10,normal,,65,70,60,115
54,psyduck,196,8,water,,50,52,48,55
55,golduck,766,17,water,,80,82,78,85
56,mankey,280,5,fighting,,40,80,35,70
57,primeape,320,10,fighting,,65,105,60,95
58,growlithe,190,7,fire,,55,70,45,60
59,arcanine,1550,19,fire,,90,110,80,95
60,poliwag,124,6,water,,40,50,40,90
61,poliwhirl,200,10,water,,65,65,65,90
62,poliwrath,540,13,water,fighting,90,95,95,70
63,abra,195,9,psychic,,25,20,15,90
64,kadabra,565,13,psychic,,40,35,30,105
65,alakazam,480,15,psychic,,55,50,45,120
66,machop,195,8,fighting,,70,80,50,35
67,machoke,705,15,fighting,,80,100,70,45
68,machamp,1300,16,fighting,,90,130,80,55
69,bellsprout,40,7,grass,poison,50,75,35,40
70,weepinbell,64,10,grass,poison,65,90,50,55
71,victreebel,155,17,grass,poison,80,105,65,70
72,tentacool,455,9,water,poison,40,40,35,70
73,tentacruel,550,16,water,poison,80,70,65,100
74,geodude,200,4,rock,ground,40,80,100,20
75,graveler,1050,10,rock,ground,55,95,115,35
76,golem,3000,14,rock,ground,80,120,130,45
77,ponyta,300,10,fire,,50,85,55,90
78,rapidash,950,17,fire,,65,100,70,105
79,slowpoke,360,12,water,psychic,90,65,65,15
80,slowbro,785,16,water,psychic,95,75,110,30
81,magnemite,60,3,electric,steel,25,35,70,45
82,magneton,600,10,electric,steel,50,60,95,70
83,farfetchd,150,8,normal,flying,52,90,55,60
84,doduo,392,14,normal,flying,35,85,45,75
85,dodrio,852,18,normal,flying,60,110,70,110
86,seel,900,11,water,,65,45,55,45
87,dewgong,1200,17,water,ice,90,70,80,70
88,grimer,300,9,poison,,80,80,50,25
89,muk,300,12,poison,,105,105,75,50
90,shellder,40,3,water,,30,65,100,40
91,cloyster,1325,15,water,ice,50,95,180,70
92,gastly,1,13,ghost,poison,30,35,30,80
93,haunter,1,16,ghost,poison,45,50,45,95
94,gengar,405,15,ghost,poison,60,65,60,110
95,onix,2100,88,rock,ground,35,45,160,70
96,drowzee,324,10,psychic,,60,48,45,42
97,hypno,756,16,psychic,,85,73,70,67
98,krabby,65,4,water,,30,105,90,50
99,kingler,600,13,water,,55,130,115,75
100,voltorb,104,5,electric,,40,30,50,100
